{
 "meta": {
  "corpus": "Tatoeba jpn_sentences (CC-BY 2.0 FR)",
  "n_sentences": 248758,
  "dict": "UniDic-lite (NINJAL) via fugashi",
  "hi_source": "Kikiwake modern_kana_kamigoku.json (100首上句)",
  "hi_total_morae": 1722
 },
 "char": {
  "corp_types": 5140,
  "hi_types": 852,
  "intersection": 851,
  "type_cov": 0.16556420233463034,
  "token_cov": 0.4151750689755855,
  "reverse": 0.9988262910798122,
  "total_tokens": 4770891,
  "hi_only": [
   "ゆぞ"
  ],
  "top_missed": [
   [
    "った",
    43301
   ],
   [
    "てい",
    38603
   ],
   [
    "って",
    37389
   ],
   [
    "した",
    35712
   ],
   [
    "じょ",
    26632
   ],
   [
    "して",
    24214
   ],
   [
    "です",
    22700
   ],
   [
    "しょ",
    21150
   ],
   [
    "ます",
    20160
   ],
   [
    "のじ",
    20042
   ],
   [
    "ゅう",
    19653
   ],
   [
    "んだ",
    17545
   ],
   [
    "こう",
    16924
   ],
   [
    "その",
    16913
   ],
   [
    "しは",
    16392
   ],
   [
    "うし",
    16190
   ],
   [
    "とむ",
    15898
   ],
   [
    "んで",
    15694
   ],
   [
    "かっ",
    15633
   ],
   [
    "たい",
    15505
   ],
   [
    "かん",
    15403
   ],
   [
    "さい",
    15017
   ],
   [
    "うに",
    14012
   ],
   [
    "せい",
    13658
   ],
   [
    "には",
    13586
   ],
   [
    "いっ",
    12899
   ],
   [
    "んの",
    11843
   ],
   [
    "んし",
    11614
   ],
   [
    "きょ",
    11547
   ],
   [
    "しゅ",
    11354
   ],
   [
    "すか",
    11340
   ],
   [
    "しん",
    11302
   ],
   [
    "んに",
    11222
   ],
   [
    "んを",
    11112
   ],
   [
    "んが",
    11039
   ],
   [
    "ょは",
    10816
   ],
   [
    "しゃ",
    10324
   ],
   [
    "どう",
    9777
   ],
   [
    "んな",
    9623
   ],
   [
    "だい",
    9535
   ]
  ]
 },
 "mora": {
  "corp_types": 7482,
  "hi_types": 851,
  "intersection": 850,
  "type_cov": 0.1136059877038225,
  "token_cov": 0.40971215083428303,
  "reverse": 0.9988249118683902,
  "total_tokens": 4635657,
  "hi_only": [
   "ゆぞ"
  ],
  "top_missed": [
   [
    "った",
    43293
   ],
   [
    "てい",
    38603
   ],
   [
    "って",
    37370
   ],
   [
    "した",
    35712
   ],
   [
    "して",
    24207
   ],
   [
    "です",
    22700
   ],
   [
    "ます",
    20160
   ],
   [
    "んだ",
    17544
   ],
   [
    "こう",
    16924
   ],
   [
    "その",
    16913
   ],
   [
    "のじょ",
    16795
   ],
   [
    "しは",
    16392
   ],
   [
    "とむ",
    15898
   ],
   [
    "かっ",
    15633
   ],
   [
    "んで",
    15614
   ],
   [
    "たい",
    15505
   ],
   [
    "かん",
    15403
   ],
   [
    "さい",
    15017
   ],
   [
    "せい",
    13658
   ],
   [
    "には",
    13586
   ],
   [
    "うに",
    13487
   ],
   [
    "いっ",
    12899
   ],
   [
    "うし",
    12107
   ],
   [
    "んの",
    11843
   ],
   [
    "すか",
    11339
   ],
   [
    "しん",
    11302
   ],
   [
    "しょう",
    11209
   ],
   [
    "んに",
    11125
   ],
   [
    "んを",
    11112
   ],
   [
    "んが",
    11039
   ],
   [
    "じょは",
    10389
   ],
   [
    "どう",
    9765
   ],
   [
    "んな",
    9621
   ],
   [
    "きょう",
    9561
   ],
   [
    "だい",
    9535
   ],
   [
    "いか",
    9404
   ],
   [
    "むは",
    9184
   ],
   [
    "とう",
    8485
   ],
   [
    "さん",
    8460
   ],
   [
    "があ",
    8359
   ]
  ]
 },
 "restricted": {
  "audio_all": {
   "charset_size": 72,
   "corp_types": 4568,
   "hi_types": 850,
   "intersection": 849,
   "type_cov": 0.18585814360770578,
   "token_cov": 0.45242710174870604,
   "total_tokens": 4272359,
   "top_missed": [
    [
     "てい",
     38603
    ],
    [
     "した",
     35712
    ],
    [
     "して",
     24214
    ],
    [
     "です",
     22700
    ],
    [
     "ます",
     20160
    ],
    [
     "のじ",
     20042
    ],
    [
     "んだ",
     17545
    ],
    [
     "こう",
     16924
    ],
    [
     "その",
     16913
    ],
    [
     "しは",
     16392
    ],
    [
     "うし",
     16190
    ],
    [
     "とむ",
     15898
    ],
    [
     "んで",
     15694
    ],
    [
     "たい",
     15505
    ],
    [
     "かん",
     15403
    ],
    [
     "さい",
     15017
    ],
    [
     "うに",
     14012
    ],
    [
     "せい",
     13658
    ],
    [
     "には",
     13586
    ],
    [
     "んの",
     11843
    ],
    [
     "んし",
     11614
    ],
    [
     "すか",
     11340
    ],
    [
     "しん",
     11302
    ],
    [
     "んに",
     11222
    ],
    [
     "んを",
     11112
    ]
   ]
  },
  "audio_karuta": {
   "charset_size": 46,
   "corp_types": 2099,
   "hi_types": 632,
   "intersection": 632,
   "type_cov": 0.30109575988565984,
   "token_cov": 0.5280154475441754,
   "total_tokens": 3308746,
   "top_missed": [
    [
     "てい",
     38603
    ],
    [
     "した",
     35712
    ],
    [
     "して",
     24214
    ],
    [
     "ます",
     20160
    ],
    [
     "こう",
     16924
    ],
    [
     "その",
     16913
    ],
    [
     "しは",
     16392
    ],
    [
     "うし",
     16190
    ],
    [
     "とむ",
     15898
    ],
    [
     "たい",
     15505
    ],
    [
     "かん",
     15403
    ],
    [
     "さい",
     15017
    ],
    [
     "うに",
     14012
    ],
    [
     "せい",
     13658
    ],
    [
     "には",
     13586
    ],
    [
     "んの",
     11843
    ],
    [
     "んし",
     11614
    ],
    [
     "すか",
     11340
    ],
    [
     "しん",
     11302
    ],
    [
     "んに",
     11222
    ],
    [
     "んを",
     11112
    ],
    [
     "んな",
     9623
    ],
    [
     "いか",
     9404
    ],
    [
     "むは",
     9184
    ],
    [
     "とう",
     8507
    ]
   ]
  },
  "visual_all": {
   "charset_size": 78,
   "corp_types": 4934,
   "hi_types": 852,
   "intersection": 851,
   "type_cov": 0.17247669233887314,
   "token_cov": 0.4159296179357764,
   "total_tokens": 4762236,
   "top_missed": [
    [
     "った",
     43301
    ],
    [
     "てい",
     38603
    ],
    [
     "って",
     37389
    ],
    [
     "した",
     35712
    ],
    [
     "じょ",
     26632
    ],
    [
     "して",
     24214
    ],
    [
     "です",
     22700
    ],
    [
     "しょ",
     21150
    ],
    [
     "ます",
     20160
    ],
    [
     "のじ",
     20042
    ],
    [
     "ゅう",
     19653
    ],
    [
     "んだ",
     17545
    ],
    [
     "こう",
     16924
    ],
    [
     "その",
     16913
    ],
    [
     "しは",
     16392
    ],
    [
     "うし",
     16190
    ],
    [
     "とむ",
     15898
    ],
    [
     "んで",
     15694
    ],
    [
     "かっ",
     15633
    ],
    [
     "たい",
     15505
    ],
    [
     "かん",
     15403
    ],
    [
     "さい",
     15017
    ],
    [
     "うに",
     14012
    ],
    [
     "せい",
     13658
    ],
    [
     "には",
     13586
    ]
   ]
  }
 }
}