{
 "config": {
  "seed": 20260722,
  "reps": 10000,
  "sig_s": 0.6,
  "sig_i": 1.2,
  "n200": 6,
  "nplat": 12,
  "alpha_one_sided": 0.05,
  "source_script": "/Users/kurihara/Library/CloudStorage/GoogleDrive-qurihara@gmail.com/マイドライブ/share/google_desktop_share/iFont/experiment/tools/power_sim_interference.py"
 },
 "cells": [
  {
   "block": "main_d08_N60",
   "delta_rule": 0.08,
   "N": 60,
   "p_plat": 0.6,
   "true_delta": 0.0,
   "p_no": 0.8186,
   "p_hold": 0.1294,
   "p_yes": 0.052,
   "p_ni_and_deg": 0.0001,
   "dbar_mean": 0.00015000000000000934,
   "dbar_sd": 0.031080211974063125,
   "p_deg": 0.0521,
   "analytic_p_no": 0.8119131898703725,
   "all_rules": {
    "0.05": {
     "p_no": 0.4861,
     "p_yes": 0.0521,
     "p_hold": 0.4618,
     "p_ni_and_deg": 0.0
    },
    "0.08": {
     "p_no": 0.8186,
     "p_yes": 0.052,
     "p_hold": 0.1294,
     "p_ni_and_deg": 0.0001
    },
    "0.10": {
     "p_no": 0.9347,
     "p_yes": 0.0442,
     "p_hold": 0.0211,
     "p_ni_and_deg": 0.0079
    }
   }
  },
  {
   "block": "main_d08_N60",
   "delta_rule": 0.08,
   "N": 60,
   "p_plat": 0.6,
   "true_delta": 0.08,
   "p_no": 0.0542,
   "p_hold": 0.1308,
   "p_yes": 0.815,
   "p_ni_and_deg": 0.0,
   "dbar_mean": 0.0802413888888889,
   "dbar_sd": 0.03156090009045761,
   "p_deg": 0.815,
   "analytic_p_no": 0.05000000000000007,
   "all_rules": {
    "0.05": {
     "p_no": 0.0059,
     "p_yes": 0.815,
     "p_hold": 0.1791,
     "p_ni_and_deg": 0.0
    },
    "0.08": {
     "p_no": 0.0542,
     "p_yes": 0.815,
     "p_hold": 0.1308,
     "p_ni_and_deg": 0.0
    },
    "0.10": {
     "p_no": 0.1554,
     "p_yes": 0.7998,
     "p_hold": 0.0448,
     "p_ni_and_deg": 0.0152
    }
   }
  },
  {
   "block": "main_d08_N60",
   "delta_rule": 0.08,
   "N": 60,
   "p_plat": 0.6,
   "true_delta": 0.1,
   "p_no": 0.0116,
   "p_hold": 0.0561,
   "p_yes": 0.9323,
   "p_ni_and_deg": 0.0,
   "dbar_mean": 0.09963041666666668,
   "dbar_sd": 0.03143803695460635,
   "p_deg": 0.9323,
   "analytic_p_no": 0.011675188945087178,
   "all_rules": {
    "0.05": {
     "p_no": 0.0007,
     "p_yes": 0.9323,
     "p_hold": 0.067,
     "p_ni_and_deg": 0.0
    },
    "0.08": {
     "p_no": 0.0116,
     "p_yes": 0.9323,
     "p_hold": 0.0561,
     "p_ni_and_deg": 0.0
    },
    "0.10": {
     "p_no": 0.0551,
     "p_yes": 0.9241,
     "p_hold": 0.0208,
     "p_ni_and_deg": 0.0082
    }
   }
  },
  {
   "block": "main_d08_N60",
   "delta_rule": 0.08,
   "N": 60,
   "p_plat": 0.65,
   "true_delta": 0.0,
   "p_no": 0.833,
   "p_hold": 0.1165,
   "p_yes": 0.0505,
   "p_ni_and_deg": 0.0001,
   "dbar_mean": -0.00012263888888888253,
   "dbar_sd": 0.030510141735795,
   "p_deg": 0.0506,
   "analytic_p_no": 0.829841677226085,
   "all_rules": {
    "0.05": {
     "p_no": 0.5065,
     "p_yes": 0.0506,
     "p_hold": 0.4429,
     "p_ni_and_deg": 0.0
    },
    "0.08": {
     "p_no": 0.833,
     "p_yes": 0.0505,
     "p_hold": 0.1165,
     "p_ni_and_deg": 0.0001
    },
    "0.10": {
     "p_no": 0.9457,
     "p_yes": 0.0404,
     "p_hold": 0.0139,
     "p_ni_and_deg": 0.0102
    }
   }
  },
  {
   "block": "main_d08_N60",
   "delta_rule": 0.08,
   "N": 60,
   "p_plat": 0.65,
   "true_delta": 0.08,
   "p_no": 0.0451,
   "p_hold": 0.1293,
   "p_yes": 0.8256,
   "p_ni_and_deg": 0.0,
   "dbar_mean": 0.0801063888888889,
   "dbar_sd": 0.03041005612447866,
   "p_deg": 0.8256,
   "analytic_p_no": 0.05000000000000007,
   "all_rules": {
    "0.05": {
     "p_no": 0.0041,
     "p_yes": 0.8256,
     "p_hold": 0.1703,
     "p_ni_and_deg": 0.0
    },
    "0.08": {
     "p_no": 0.0451,
     "p_yes": 0.8256,
     "p_hold": 0.1293,
     "p_ni_and_deg": 0.0
    },
    "0.10": {
     "p_no": 0.1534,
     "p_yes": 0.8061,
     "p_hold": 0.0405,
     "p_ni_and_deg": 0.0195
    }
   }
  },
  {
   "block": "main_d08_N60",
   "delta_rule": 0.08,
   "N": 60,
   "p_plat": 0.65,
   "true_delta": 0.1,
   "p_no": 0.012,
   "p_hold": 0.0504,
   "p_yes": 0.9376,
   "p_ni_and_deg": 0.0,
   "dbar_mean": 0.09974152777777778,
   "dbar_sd": 0.031223087319669825,
   "p_deg": 0.9376,
   "analytic_p_no": 0.011383885194571713,
   "all_rules": {
    "0.05": {
     "p_no": 0.0008,
     "p_yes": 0.9376,
     "p_hold": 0.0616,
     "p_ni_and_deg": 0.0
    },
    "0.08": {
     "p_no": 0.012,
     "p_yes": 0.9376,
     "p_hold": 0.0504,
     "p_ni_and_deg": 0.0
    },
    "0.10": {
     "p_no": 0.0511,
     "p_yes": 0.9295,
     "p_hold": 0.0194,
     "p_ni_and_deg": 0.0081
    }
   }
  },
  {
   "block": "main_d08_N60",
   "delta_rule": 0.08,
   "N": 60,
   "p_plat": 0.7,
   "true_delta": 0.0,
   "p_no": 0.8538,
   "p_hold": 0.0968,
   "p_yes": 0.0494,
   "p_ni_and_deg": 0.0001,
   "dbar_mean": 0.0002652777777777803,
   "dbar_sd": 0.028918123249119652,
   "p_deg": 0.0495,
   "analytic_p_no": 0.8553457929539863,
   "all_rules": {
    "0.05": {
     "p_no": 0.5257,
     "p_yes": 0.0495,
     "p_hold": 0.4248,
     "p_ni_and_deg": 0.0
    },
    "0.08": {
     "p_no": 0.8538,
     "p_yes": 0.0494,
     "p_hold": 0.0968,
     "p_ni_and_deg": 0.0001
    },
    "0.10": {
     "p_no": 0.9596,
     "p_yes": 0.0332,
     "p_hold": 0.0072,
     "p_ni_and_deg": 0.0163
    }
   }
  },
  {
   "block": "main_d08_N60",
   "delta_rule": 0.08,
   "N": 60,
   "p_plat": 0.7,
   "true_delta": 0.08,
   "p_no": 0.0496,
   "p_hold": 0.1145,
   "p_yes": 0.8359,
   "p_ni_and_deg": 0.0003,
   "dbar_mean": 0.08011777777777777,
   "dbar_sd": 0.030123001711579216,
   "p_deg": 0.8362,
   "analytic_p_no": 0.05000000000000007,
   "all_rules": {
    "0.05": {
     "p_no": 0.0042,
     "p_yes": 0.8362,
     "p_hold": 0.1596,
     "p_ni_and_deg": 0.0
    },
    "0.08": {
     "p_no": 0.0496,
     "p_yes": 0.8359,
     "p_hold": 0.1145,
     "p_ni_and_deg": 0.0003
    },
    "0.10": {
     "p_no": 0.1682,
     "p_yes": 0.8047,
     "p_hold": 0.0271,
     "p_ni_and_deg": 0.0315
    }
   }
  },
  {
   "block": "main_d08_N60",
   "delta_rule": 0.08,
   "N": 60,
   "p_plat": 0.7,
   "true_delta": 0.1,
   "p_no": 0.0122,
   "p_hold": 0.0403,
   "p_yes": 0.9475,
   "p_ni_and_deg": 0.0,
   "dbar_mean": 0.10006194444444445,
   "dbar_sd": 0.030362305575265314,
   "p_deg": 0.9475,
   "analytic_p_no": 0.010882275130126334,
   "all_rules": {
    "0.05": {
     "p_no": 0.0005,
     "p_yes": 0.9475,
     "p_hold": 0.052,
     "p_ni_and_deg": 0.0
    },
    "0.08": {
     "p_no": 0.0122,
     "p_yes": 0.9475,
     "p_hold": 0.0403,
     "p_ni_and_deg": 0.0
    },
    "0.10": {
     "p_no": 0.0526,
     "p_yes": 0.9353,
     "p_hold": 0.0121,
     "p_ni_and_deg": 0.0122
    }
   }
  },
  {
   "block": "main_d08_N80",
   "delta_rule": 0.08,
   "N": 80,
   "p_plat": 0.6,
   "true_delta": 0.0,
   "p_no": 0.9035,
   "p_hold": 0.0463,
   "p_yes": 0.0502,
   "p_ni_and_deg": 0.0009,
   "dbar_mean": 0.00030125000000000925,
   "dbar_sd": 0.026765040386898396,
   "p_deg": 0.0511,
   "analytic_p_no": 0.8990811464551889,
   "all_rules": {
    "0.05": {
     "p_no": 0.5728,
     "p_yes": 0.0511,
     "p_hold": 0.3761,
     "p_ni_and_deg": 0.0
    },
    "0.08": {
     "p_no": 0.9035,
     "p_yes": 0.0502,
     "p_hold": 0.0463,
     "p_ni_and_deg": 0.0009
    },
    "0.10": {
     "p_no": 0.9789,
     "p_yes": 0.02,
     "p_hold": 0.0011,
     "p_ni_and_deg": 0.0311
    }
   }
  },
  {
   "block": "main_d08_N80",
   "delta_rule": 0.08,
   "N": 80,
   "p_plat": 0.6,
   "true_delta": 0.08,
   "p_no": 0.0511,
   "p_hold": 0.0498,
   "p_yes": 0.8991,
   "p_ni_and_deg": 0.0011,
   "dbar_mean": 0.08011406250000001,
   "dbar_sd": 0.027130386706804767,
   "p_deg": 0.9002,
   "analytic_p_no": 0.05000000000000007,
   "all_rules": {
    "0.05": {
     "p_no": 0.0036,
     "p_yes": 0.9002,
     "p_hold": 0.0962,
     "p_ni_and_deg": 0.0
    },
    "0.08": {
     "p_no": 0.0511,
     "p_yes": 0.8991,
     "p_hold": 0.0498,
     "p_ni_and_deg": 0.0011
    },
    "0.10": {
     "p_no": 0.1775,
     "p_yes": 0.8205,
     "p_hold": 0.002,
     "p_ni_and_deg": 0.0797
    }
   }
  },
  {
   "block": "main_d08_N80",