{
 "fade": {
  "grain": 0.8456325558798633,
  "churn": 0.9580807808117989,
  "hp_flicker": 0.22280814361188686,
  "motion_px": 0.0
 },
 "stroke": {
  "grain": 3.692377930444748,
  "churn": 0.9580807808117989,
  "hp_flicker": 1.7103692884718489,
  "motion_px": 0.0
 },
 "zoom": {
  "grain": 0.8152206706742616,
  "churn": 3.0990451309615805,
  "hp_flicker": 1.783920052823897,
  "motion_px": 5.931361768811239
 },
 "blur": {
  "grain": 1.160679194302117,
  "churn": 1.1120478440034287,
  "hp_flicker": 0.3224571909520101,
  "motion_px": 1.8823531322303562
 },
 "moya": {
  "grain": 1.154048948258122,
  "churn": 1.3441149363528355,
  "hp_flicker": 0.31315144325505073,
  "motion_px": 0.0
 },
 "slideB": {
  "grain": 0.851796998695836,
  "churn": 7.780070182604668,
  "hp_flicker": 2.2557220152120845,
  "motion_px": 16.804572724439794
 },
 "slideR": {
  "grain": 0.8343906319567076,
  "churn": 7.717704772949217,
  "hp_flicker": 2.0715604628353077,
  "motion_px": 16.560897435897434
 }
}