{
 "fade": {
  "grain": 0.8456325558798633,
  "churn": 0.9580807808117989,
  "hp_flicker": 0.22280814361188686,
  "motion_px": 0.0,
  "saliency": 251.35165405273438,
  "sf_discomfort": 9.025622011951831e-05
 },
 "stroke": {
  "grain": 3.692377930444748,
  "churn": 0.9580807808117989,
  "hp_flicker": 1.7103692884718489,
  "motion_px": 0.0,
  "saliency": 266.302978515625,
  "sf_discomfort": 0.03294416479121575
 },
 "zoom": {
  "grain": 0.8152206706742616,
  "churn": 3.0990451309615805,
  "hp_flicker": 1.783920052823897,
  "motion_px": 5.931361768811239,
  "saliency": 164.92681884765625,
  "sf_discomfort": 0.015282148570329083
 },
 "blur": {
  "grain": 1.160679194302117,
  "churn": 1.1120478440034287,
  "hp_flicker": 0.3224571909520101,
  "motion_px": 1.8823531322303562,
  "saliency": 269.9801025390625,
  "sf_discomfort": 1.2011507414755106e-05
 },
 "moya": {
  "grain": 1.154048948258122,
  "churn": 1.3441149363528355,
  "hp_flicker": 0.31315144325505073,
  "motion_px": 0.0,
  "saliency": 191.49664306640625,
  "sf_discomfort": 5.756740048384281e-05
 },
 "slideB": {
  "grain": 0.851796998695836,
  "churn": 7.780070182604668,
  "hp_flicker": 2.2557220152120845,
  "motion_px": 16.804572724439794,
  "saliency": 141.50259399414062,
  "sf_discomfort": 0.00028990570019948663
 },
 "slideR": {
  "grain": 0.8343906319567076,
  "churn": 7.717704772949217,
  "hp_flicker": 2.0715604628353077,
  "motion_px": 16.560897435897434,
  "saliency": 135.9110107421875,
  "sf_discomfort": 0.00019815831864857596
 }
}