{
 "speaker": 11,
 "pairs": [
  "あき",
  "きの",
  "わた",
  "ちは",
  "この",
  "なに",
  "たか",
  "みよ"
 ],
 "set_vs_realized": [
  [
   0,
   -0.11278757292510713,
   0.9141034017465073
  ],
  [
   2,
   0.2053261534968563,
   1.1649124769546244
  ],
  [
   4,
   1.1760937000503153,
   1.184503442879459
  ],
  [
   6,
   2.977065410587372,
   1.5556104907858328
  ],
  [
   8,
   6.019580845514541,
   1.1357915460893235
  ],
  [
   10,
   8.10055926812468,
   0.996348882890721
  ],
  [
   12,
   9.960432493677594,
   0.7353248249225367
  ]
 ],
 "slope": 0.746332002583004
}